NAME,LAT,LON,ADDRESS,ZIP,OPEN_HRS_WK,VIS_FLAG,VIS_01,VIS_02,VIS_03,VIS_04,VIS_05,VIS_06,VIS_07,VIS_08,VIS_09,VIS_10,VIS_11,VIS_12,VIS_TOTAL,CIRC_01,CIRC_02,CIRC_03,CIRC_04,CIRC_05,CIRC_06,CIRC_07,CIRC_08,CIRC_09,CIRC_10,CIRC_11,CIRC_12,CIRC_TOTAL,HP_01,HP_02,HP_03,HP_04,HP_05,HP_06,HP_07,HP_08,HP_09,HP_10,HP_11,HP_12,HP_TOTAL,HF_01,HF_02,HF_03,HF_04,HF_05,HF_06,HF_07,HF_08,HF_09,HF_10,HF_11,HF_12,HF_TOTAL,CS_01,CS_02,CS_03,CS_04,CS_05,CS_06,CS_07,CS_08,CS_09,CS_10,CS_11,CS_12,CS_TOTAL
Albany Park,41.975456,-87.71409,3401 W. Foster Avenue,60625,48,NO,12801,12073,14371,12340,12320,13892,13971,14093,12987,14277,12418,12433,157976,11031,9447,11386,9983,9552,10396,10718,11123,9618,9742,10043,8495,121534,124,125,127,104,126,157,130,128,129,125,141,151,1567,3887,3590,3948,1204,3986,4027,3851,4205,3852,4256,3974,3524,44415,2794,2277,2819,2681,2484,2645,2770,2890,2635,2394,2275,1981,30645
Altgeld,41.6547302184,-87.602230261,13281 S. Corliss Avenue,60827,48,NO,3069,2864,3362,2992,3112,3137,4000,3900,3066,2907,2931,3088,38428,316,230,331,404,249,294,583,568,419,355,268,280,4297,16,16,13,3,2,5,3,1,4,8,3,5,79,170,208,243,112,280,313,205,258,252,239,285,211,2743,1231,857,765,828,904,1050,1405,1326,1145,890,820,877,12098
Archer Heights,41.8012136599,-87.7264907143,5055 S. Archer Avenue,60632,48,YES,7778,7227,8432,7499,7858,7963,8294,8672,7358,8344,7099,6371,92895,5857,5378,6800,5802,5729,5220,6075,5780,5290,5802,5200,5264,68197,147,92,121,75,89,77,138,135,114,113,88,73,1262,1691,1345,1922,517,1614,1640,1645,1863,1571,1746,1546,1477,18505,1835,1706,1836,1743,1801,1694,1734,1888,1722,1846,1534,1378,20717
Austin,41.8892721535,-87.7657118672,5615 W. Race Avenue,60644,48,NO,5395,5271,5899,5828,5611,6488,8187,8904,4921,0,0,0,56504,1217,1253,1492,1307,1192,1367,1622,1455,1061,0,49,0,12015,117,141,123,72,116,46,43,32,18,0,0,0,708,810,645,799,251,651,817,736,808,644,0,0,2,6150,1268,1066,1099,987,1112,1199,1326,1560,861,0,0,0,10478
Austin-Irving,41.9531739006,-87.7793868207,6100 W. Irving Park Road,60634,48,NO,7998,8105,9273,8379,4855,8911,9388,13358,9154,8835,8221,7254,103731,9530,8547,9921,9041,6817,9724,10551,10187,9265,9669,9117,7866,110235,208,185,206,169,120,219,212,263,241,304,278,215,2620,3596,2870,3705,1007,3216,3473,3581,3931,3540,3452,3392,3143,38998,1664,1559,1701,1628,1201,1509,1489,1724,1581,1411,1439,1267,18173
Avalon,41.7467172216,-87.5853965872,8148 S. Stony Island Avenue ,60617,48,YES,10435,11306,12521,12312,13098,13023,13026,14101,13630,12337,12115,8042,145946,3814,3988,3780,3993,3461,3586,3413,3893,4040,4869,3969,3175,45981,180,164,176,77,65,102,146,109,128,136,93,93,1469,1414,1268,1431,488,1199,1355,1238,1371,1329,1431,1339,1252,15036,4203,4346,4699,4553,4877,4297,4291,4786,4961,5167,4615,3233,54028
Back of the Yards,41.8083844237,-87.6775696387,2111 W. 47th Street,60609,48,NO,4407,3895,4497,4351,4656,5421,8023,6570,4662,5224,4652,3860,60218,2790,2642,2937,2739,2334,2698,2652,2741,2418,2891,2551,1731,31124,33,72,82,85,52,55,63,37,68,40,26,12,625,1125,856,1216,466,1011,1001,1090,1099,1087,1047,1084,983,11954,1839,1592,1895,1795,1501,1844,2318,2642,1753,1787,1538,1231,21735
Beverly,41.7211805055,-87.6719464614,1962 W. 95th Street,60643,48,YES,11290,10481,12486,13070,12814,13065,13366,13806,12668,14106,12294,8762,148208,6251,5158,6304,5603,6020,6668,6994,6856,6068,6313,5950,4584,72769,164,102,130,80,81,109,85,148,123,153,98,85,1358,2594,2164,2717,784,2587,2724,2711,2962,2803,2884,2803,2305,29949,4006,3473,4000,4189,3924,3860,4120,4318,3857,4003,3581,2423,45754
Bezazian,41.971681948,-87.6607302722,1226 W. Ainslie Street,60640,48,NO,9782,8815,10362,9749,10247,11047,11737,13181,10518,10172,9110,8858,123578,8300,7707,9213,8705,9262,9401,9363,9105,7876,7964,8288,7648,102832,217,233,215,166,154,200,223,186,202,187,219,191,2393,4323,3617,4917,1373,4126,4272,4511,4416,4302,4249,4090,3996,48323,2417,2270,2324,2431,2469,2572,2766,3200,2552,2332,2248,1987,29568
Blackstone,41.8058403099,-87.5893418221,4904 S. Lake Park Avenue,60615,48,NO,8110,7874,8799,8712,8466,9643,10489,10889,4971,6237,7932,7340,99462,8430,7960,8677,8478,9354,9426,9987,9287,2679,7239,7755,7506,96778,151,191,162,113,84,118,99,81,9,88,74,87,1257,4207,3311,4208,1539,4158,4331,4368,4801,1051,4667,4052,3861,44364,1773,1701,1892,1705,1881,2091,1973,2193,525,1189,1477,1459,19859
Brainerd,41.7323167571,-87.6572345158,1350 W. 89th Street,60620,48,YES,3781,3527,4703,4308,3696,4306,5679,6891,7730,5634,6915,7064,64234,1087,957,990,872,858,1027,944,1236,984,1020,1102,1348,12425,77,65,75,11,31,30,25,24,25,32,23,28,446,616,471,699,117,515,503,426,462,504,593,597,399,5926,1497,1395,1598,1097,1422,1487,1697,1867,1417,1396,1362,1305,17540
Brighton Park,41.8151387893,-87.7026543161,4314 S. Archer Avenue,60632,48,NO,5951,4950,5813,5275,5078,6328,6139,7558,5465,8309,5467,4871,71204,4534,4034,5210,4946,3816,4339,5073,4957,4635,5483,5028,4057,56112,113,67,97,49,61,58,65,59,94,148,112,101,1024,1355,885,1468,481,1106,1189,1229,1355,1257,1414,1092,1086,13851,1679,1466,1647,1402,1241,1452,1464,1710,1363,1431,1437,1245,17537
Bucktown-Wicker Park,41.9127223958,-87.6805873026,1701 N. Milwaukee Avenue,60647,48,NO,9218,8630,10588,9004,9057,10868,11268,11492,8757,10228,9222,9221,117553,10280,9141,10757,9005,9231,10999,10388,11077,9230,9637,9153,8314,117212,230,190,219,127,95,191,142,184,106,126,78,92,1780,5277,4405,5279,1424,5048,5330,4981,5492,4654,4947,4628,4539,56370,1505,1239,1346,1357,1269,1571,1477,1631,1460,1342,1288,1049,16534
Budlong Woods,41.9845722644,-87.6977344924,5630 N. Lincoln Avenue,60659,48,YES,8921,8313,10367,8869,7509,13768,12055,21339,10431,9272,9980,8577,129401,8152,7413,9462,8129,7127,8706,8346,9462,7931,8151,7785,7057,97721,136,184,160,88,57,100,82,107,100,123,109,85,1331,3611,2966,3938,857,3402,3535,3532,3924,3391,3593,3412,3338,39955,1586,1444,1698,1470,1150,1734,1789,1756,1572,1650,1518,1383,18750
Canaryville,41.8155056844,-87.6425010147,642 W. 43rd Street,60609,48,NO,3082,3676,3073,2565,3018,3717,3911,4039,3421,3408,3182,2743,39835,1703,1496,1904,1930,1717,2129,2249,2274,1897,1952,2059,1717,23027,52,41,48,36,50,35,46,46,56,51,55,43,559,868,614,911,242,699,769,738,763,719,901,816,646,8708,835,673,680,663,707,810,834,979,885,834,820,684,9404
Chicago Bee,41.8284268699,-87.6264022164,3647 S. State Street,60609,48,YES,3795,3985,4190,4024,4280,4092,3980,4797,4169,4075,4391,3362,49140,1207,885,1075,825,917,986,1178,1371,1203,1104,1076,913,12740,25,27,18,6,9,23,6,21,10,11,9,3,168,557,469,641,194,468,555,532,579,558,557,623,451,6133,999,952,1065,936,923,915,975,1174,1163,1060,909,884,11955
Chicago Lawn,41.7818078779,-87.7032616221,6120 S. Kedzie Avenue ,60629,48,NO,5552,4984,5763,5628,5466,7019,7983,8553,6682,6447,8726,5254,78057,3186,2638,2981,2946,2592,3739,3677,3871,3070,3626,3660,2753,38739,65,58,75,42,48,87,86,91,99,92,93,78,914,856,639,896,282,837,884,813,868,779,888,863,582,9067,1760,1533,1910,1879,1577,1942,2359,2630,2004,1947,1687,1293,22521
Chinatown,41.8541207417,-87.6319579225,2100 S. Wentworth Avenue,60616,48,NO,19074,18627,22790,23416,24048,26948,26877,27956,23722,22263,20532,19648,275901,9934,9464,11314,11861,10338,10874,11284,11244,10857,10696,9571,9600,127037,141,119,105,84,80,97,136,103,86,100,76,79,1206,2527,1896,2582,925,2150,2280,2333,2335,2112,2420,2144,1998,25498,2669,2538,3186,3134,2967,3441,3406,3800,3201,3062,2975,2919,37298
Clearing,41.7767820562,-87.7818197876,6423 W. 63rd Place,60638,48,YES,5892,5355,6037,5222,5469,6148,6716,6855,5404,5802,6076,4754,69730,3420,2819,3504,3316,2671,3383,3934,3478,3035,3067,2890,2433,37950,86,85,85,80,115,101,101,92,67,108,53,59,1032,1491,1138,1548,537,1209,1558,1495,1498,1442,1363,1259,1143,15454,1026,1051,1176,943,1005,975,920,1014,930,910,874,791,11615
Coleman,41.780373011,-87.6071572428,731 E. 63rd Street,60637,48,YES,8181,7174,7382,7495,7324,8318,7983,8779,8253,8519,8656,6958,95022,3615,3041,3119,3074,2948,3025,3403,3706,3863,3760,3430,3111,40095,41,45,41,61,57,64,63,77,67,44,44,43,647,773,685,865,268,840,991,874,1105,921,1021,981,869,10157,2740,2214,2105,2319,2167,2323,2320,2645,2348,2428,2269,2027,27905
Bridgeport,41.8322870335,-87.6464850112,3400 S. Halsted Street,60608,48,NO,6465,5852,6508,6508,6266,6098,6245,6575,6367,7177,6659,5883,76603,5851,5715,6000,5690,5138,5659,5683,5777,5578,5393,4973,4898,66355,178,146,190,67,127,129,100,115,93,89,116,112,1462,2244,1562,2295,736,2260,2314,2028,2387,2036,2273,1973,1746,23820,1456,1297,1546,1576,1480,1486,1542,1762,1533,1440,1459,1306,17883
West Humboldt Park,41.8943707,-87.7064607,733 N. Kedzie Avenue,60612,48,YES,10629,9367,10056,10501,10310,11534,12513,14321,10668,10469,9258,8762,128388,3000,2692,2866,2732,2279,2442,2477,2804,2699,2693,2486,2427,31597,151,116,137,78,88,122,65,114,88,137,115,95,1306,1210,1335,1499,620,1403,1556,1405,1596,1380,1389,1480,1408,16060,3191,2652,2906,2963,2736,3061,3228,4231,3372,3004,2925,2669,36938
Douglass,41.8645007597,-87.7096854893,3353 W. 13th Street,60623,48,NO,7187,8996,10090,5807,5707,6299,6572,7153,2021,3942,4381,3967,72122,1739,1373,1667,1258,1180,1340,1446,1583,684,1064,1189,1030,15553,101,90,91,60,69,44,62,54,27,26,45,23,692,651,514,683,161,504,522,416,509,291,417,443,382,5514,1885,1671,1783,1593,1702,1657,1913,2102,834,1133,1336,1138,18747
Dunning,41.943308,-87.817497,7455 W. Cornelia Avenue,60634,48,YES,9258,9469,11680,9873,11294,10736,9063,9959,11243,11937,9491,8462,122465,5627,4704,5626,4811,4187,5096,5552,5144,4784,5185,3930,3746,58392,185,119,135,72,82,63,100,152,99,133,93,123,1356,2101,1710,1812,622,1759,1672,1863,1944,1893,1976,1683,1521,20459,1485,1419,1673,1437,1589,1410,1083,1182,1111,980,1116,963,15448
Edgebrook,41.9969708835,-87.762047892,5331 W. Devon Avenue,60646,48,NO,7342,6960,8657,7248,7328,8589,9268,9866,7574,8044,7234,6939,95049,8205,7604,8845,7734,7615,9448,10355,9865,8200,8493,8306,7236,101906,181,208,216,198,243,224,214,209,284,209,216,263,2665,3402,2854,3593,1098,3098,3299,3506,3738,3208,3621,3223,3189,37857,829,819,973,825,802,805,755,845,880,892,798,724,9947
Edgewater,41.990996,-87.660757,6000 N. Broadway Street,60660,48,NO,15249,14914,17332,16561,16514,17952,17980,18989,16914,16523,14791,13664,197383,15338,14406,16339,13701,14523,16415,16570,17056,15432,14889,14852,13441,182962,468,422,424,280,304,319,329,332,280,363,250,245,4016,7611,6488,8424,2336,6957,8076,7669,8608,7798,8164,7762,7234,87421,3951,3609,4121,3986,4083,4146,4126,4248,4095,3829,3526,3244,46964
Gage Park,41.7936972327,-87.6940464546,2807 W. 55th Street,60632,48,NO,3105,2573,2950,3404,3029,3752,3653,4319,3471,4177,3565,3440,41438,2093,1221,1594,1614,1356,1428,1530,1658,1492,1862,1742,1582,19172,43,21,17,42,5,24,35,46,41,100,89,45,508,640,491,748,235,498,581,504,545,563,650,607,487,6480,826,714,833,760,778,822,813,955,639,670,625,504,8939
Galewood-Mont Clare,41.9211147249,-87.7972410207,6871 W. Belden Avenue,60707,40,NO,1476,1626,1658,1535,1861,2386,2977,2174,1919,2146,1660,1494,22912,1027,875,1100,951,824,1078,1394,1186,930,1036,980,729,12110,32,20,38,17,18,35,53,37,34,32,34,30,380,520,410,438,126,374,386,438,420,396,479,442,352,4840,0,0,0,0,0,0,0,0,0,0,0,0,0
Garfield Ridge,41.7929866608,-87.780133258,6348 S. Archer Avenue,60638,48,YES,5373,5360,6180,5570,5590,8686,8367,7682,5570,6132,5369,4921,74800,5079,4561,5600,4880,4483,5670,5967,5149,4944,5441,5147,4513,61434,370,275,445,173,163,275,240,249,268,301,305,284,3348,1894,1338,2037,802,1341,1840,1830,1913,1807,1863,1718,1537,19560,1047,962,1031,1047,826,986,1064,1262,1083,1071,1032,933,12344
Greater Grand Crossing,41.7623,-87.6005,1000 East 73rd Street,60619,48,YES,2583,2310,2896,2571,2779,2591,2795,2931,2708,3412,3070,2932,33578,2004,1636,1659,1807,1717,1761,1872,1880,2258,2668,1930,2000,23192,88,69,62,55,77,92,90,72,97,84,73,71,930,688,640,679,252,582,748,624,720,801,910,916,817,8362,1992,1857,1984,2034,2037,1938,2059,2158,2198,2273,1838,1744,24112
Hall,41.8074329828,-87.6227398194,4801 S. Michigan Avenue,60615,48,NO,4737,4193,4813,4500,4724,4735,4883,5741,5497,5543,2899,4361,56626,1133,902,1094,1159,1178,1611,1278,1459,1715,1400,879,1209,15017,20,11,22,13,11,18,20,36,10,12,8,24,205,523,338,611,210,408,497,610,597,695,611,489,536,6097,1512,1290,1388,1278,1365,1390,1378,1674,1719,1653,957,1206,16810
Harold Washington,41.8762998536,-87.6281928012,400 S. State Street,60605,68,YES,97533,84661,106782,101963,101551,123846,114637,112960,95604,107037,98434,88301,1233309,52985,47301,53412,49640,49826,51680,59485,60577,52602,54979,54575,47508,634570,1933,1956,2053,1318,1668,1587,1900,1965,1682,1811,1738,1440,21051,35113,30237,35424,26979,86714,90232,91052,100424,90182,95323,85240,84075,836615,24526,22334,25605,24119,24112,24213,24737,26132,22665,24591,23249,20846,287129
Hegewisch,41.6591788703,-87.5482413273,3048 E. 130th Street,60633,48,YES,4270,3738,4698,4414,3826,4733,4809,5093,5124,5656,4392,4210,54963,2235,2096,2249,2173,2009,2037,2157,2274,2050,2331,1981,1708,25300,131,90,112,100,87,83,91,94,100,94,60,88,1130,961,686,963,303,878,893,853,1036,961,991,885,768,10147,844,782,876,803,783,752,759,1081,930,1049,779,719,10157
Humboldt Park,41.910328,-87.705427,1605 N. Troy Street,60647,48,YES,7175,5851,8076,8231,7385,9103,9604,12285,8070,8426,7617,6210,98033,5521,5098,5666,5154,4712,5589,5869,5663,5202,5085,5208,4270,63037,173,105,126,61,76,82,111,88,76,87,73,43,1101,2209,1942,2306,650,1974,1918,1829,2115,2125,2177,2027,1755,22953,2181,2001,2056,2020,1986,2192,2461,2632,2105,2076,1909,1598,25217
Independence,41.9539037207,-87.7169425504,3548 W. Irving Park Road,60618,48,NO,0,0,0,0,0,0,0,0,0,0,0,0,0,0,0,0,0,0,0,0,0,0,0,0,0,0,0,0,0,0,0,0,0,0,0,0,0,0,0,0,0,0,0,0,0,0,0,0,0,0,0,0,0,0,0,0,0,0,0,0,0,0,0,0,0
Jefferson Park,41.9675973918,-87.7615542623,5363 W. Lawrence Avenue,60630,48,NO,6851,6342,7525,7318,6955,8088,8861,10074,7102,7585,6926,5793,89420,7197,6620,6991,6938,7063,7871,8408,8312,7010,6995,6836,6208,86449,142,179,214,260,250,213,260,210,207,214,204,172,2525,3093,2600,3101,1044,2982,3079,3216,3541,2992,3082,2958,2844,34470,1509,1295,1552,1559,1543,1503,1510,1779,1590,1593,1610,1349,18392
Jeffery Manor,41.7132617629,-87.5654920693,2401 E. 100th Street,60617,48,YES,5191,5487,6331,5442,6552,6111,6100,5490,5736,6513,5700,6051,70704,922,742,696,740,608,725,770,770,935,766,737,646,9057,14,15,7,20,9,8,5,10,12,9,23,14,146,484,403,492,116,338,443,384,366,409,437,396,315,4610,1301,1173,1228,1176,1175,1216,1346,1252,1269,1237,1035,937,14345
Kelly,41.7821716332,-87.6374078653,6151 S. Normal Boulevard,60621,48,YES,5008,4858,4965,4602,4946,5987,6127,6041,5223,3349,2518,4950,58574,978,839,950,774,905,996,1004,1109,811,1009,933,852,11160,42,20,37,23,43,52,36,57,91,68,46,68,583,397,378,396,109,315,421,398,321,420,470,373,342,4346,1100,933,935,960,981,1066,1152,1430,1087,905,938,854,12341
King,41.8318013996,-87.6177606656,3436 S. King Drive,60616,48,NO,5160,5861,5621,5293,5778,6221,6162,6733,5537,5978,5283,4444,68071,2746,2109,2450,2208,2182,2560,2431,2769,2548,2854,2051,2019,28927,50,15,38,7,9,4,7,24,25,39,11,7,236,870,515,887,254,760,871,1031,1030,968,1173,911,849,10076,2105,1813,2135,1995,2038,2207,2085,2288,2120,1966,1854,1676,24282
Legler,41.8793386585,-87.7255603462,115 S. Pulaski Road,60624,48,NO,7313,6426,5873,6891,6973,6794,8096,8990,6674,7700,6331,5692,83753,1357,1038,1077,1095,857,1151,1153,1110,905,1007,972,798,12520,102,76,67,53,64,39,36,72,60,79,81,45,774,502,355,376,128,444,407,419,456,445,469,414,358,4788,2480,2066,2036,2141,2162,2026,2314,2649,2055,2302,2108,1953,26292
Lincoln Belmont,41.9403135956,-87.6707577128,1659 W. Melrose Street,60657,48,YES,12639,12112,14034,12105,12782,14336,14105,15491,11484,11914,11636,10386,153024,13221,12355,14291,12026,12559,13774,13653,13992,12539,12392,12800,10872,154474,171,167,172,113,123,104,108,114,134,133,114,139,1592,6036,5217,5940,1898,5526,5853,5443,6123,5457,6039,5725,5399,64749,1299,1267,1358,1405,1403,1432,1371,1462,1255,1222,1111,1031,15616
Lincoln Park,41.925591694,-87.6581132451,1150 W. Fullerton Avenue,60614,48,NO,10351,9331,10863,9436,9325,9927,9842,11349,9482,11082,10322,8575,119885,10057,9079,10365,9273,9381,10090,10551,10673,9558,10005,9680,9121,117833,224,208,303,198,242,216,238,280,301,283,232,176,2901,5515,4343,5051,1601,4855,5220,4926,5428,5016,5383,4772,4640,56847,1524,1418,1508,1276,1359,1379,1342,1487,1344,1354,1428,1121,16540
Little Village,41.8495331,-87.7051215,2311 S. Kedzie Avenue,60623,48,YES,8774,8113,8823,8589,9593,11845,12188,13427,10349,11432,9428,7790,120351,5735,4749,5270,5210,4804,4426,5161,5317,5175,5790,5308,4297,61242,76,54,59,30,84,116,86,82,92,41,70,67,857,1615,1132,1402,582,1297,1335,1385,1370,1244,1486,1228,1224,15159,2957,2601,2741,2738,2637,2826,2758,3215,3088,2904,2455,2203,33123
Logan Square,41.9250521008,-87.7033941093,3030 W. Fullerton Avenue,60647,48,YES,11741,10637,12820,11643,11013,12412,13759,14556,11412,11764,11970,10501,144228,11141,10355,11892,9932,10069,11549,11790,11462,10819,10818,10555,8932,129314,224,226,252,143,129,170,184,206,173,188,183,241,2319,5757,4817,5572,1624,5180,5091,5216,5646,5075,5301,5223,4599,59244,2176,1845,2111,2227,1951,2005,2183,2340,1917,1874,1831,1645,24105
Lozano,41.8575220096,-87.6609371163,1805 S. Loomis Street,60608,48,NO,10951,9949,11720,12281,10247,11455,10858,11958,10697,10603,10610,9461,130790,4690,4101,5173,5534,4184,5059,5089,5246,4549,4707,4691,3646,56669,77,90,125,59,64,87,62,53,41,74,60,54,846,1796,1325,1858,610,1406,1733,1469,1874,1612,1478,1728,1414,18243,2640,2379,2704,2608,1821,2512,2446,2541,2306,2456,2092,1917,28422
Manning,41.8811857042,-87.6791421111,6 S. Hoyne Avenue,60612,48,YES,7601,6904,8348,7687,7348,6920,7018,7952,6994,8249,8328,7695,91044,2340,1997,2320,2429,2105,2684,2353,2658,2790,2576,2436,2345,29033,66,61,74,54,15,61,41,68,72,45,52,33,642,991,761,994,227,911,1050,1005,1166,1111,1063,985,891,11254,1720,1502,1773,1753,1685,1618,1670,2099,1838,1736,1545,1484,20423
Mayfair,41.9683544565,-87.7381618989,4400 W. Lawrence Avenue,60630,48,NO,4159,4337,4953,4429,4510,5017,5516,5808,5148,5115,5402,4579,58973,4893,4404,5199,4335,4131,5033,5049,5272,4698,5007,4481,4048,56550,104,97,96,69,80,94,84,103,93,52,57,72,1001,2427,1949,2303,728,2069,2086,2226,2386,2181,2287,2119,2079,24848,1071,1111,1142,1083,1179,1005,1081,1220,1017,1042,1071,868,12890
McKinley Park,41.8304475002,-87.6733916543,1915 W. 35th Street,60609,48,YES,7960,7987,8880,7862,8727,10056,10592,11373,9146,10032,4548,8119,105282,5830,5592,6332,5874,5708,6004,5965,5950,5266,5876,5309,4873,68579,145,139,160,127,90,98,127,115,95,118,82,71,1367,2055,1629,2281,699,1873,1975,1926,2239,1933,2182,2006,1945,22706,1403,1414,1338,1317,1386,1460,1177,1384,1317,1222,1153,968,15539
Merlo,41.9400842086,-87.646143227,644 W. Belmont Avenue,60657,48,NO,8465,8067,8942,7825,8502,8129,8195,9627,8143,8166,7821,7488,99370,8128,7446,8751,7102,8065,7862,8108,8844,7964,8011,8356,6840,95477,99,120,130,101,79,88,93,115,56,58,63,45,1047,6000,5150,5737,1823,5282,5163,5169,5643,4773,5314,5543,4650,60372,1322,1309,1460,1347,1394,1330,1277,1410,1319,1188,1224,1142,15722
Mount Greenwood,41.6929190986,-87.7010378855,11010 S. Kedzie Avenue,60655,48,YES,5379,5340,6115,5672,5884,6485,7652,7614,5907,6322,5172,4737,72279,5172,4636,5789,5052,5379,6478,6732,6011,4954,5360,4914,4486,64963,385,367,386,225,322,208,184,393,344,276,263,334,3687,2440,2028,2625,794,2535,2841,2684,2892,2745,2812,2506,2315,29152,1040,962,1032,957,997,987,1000,1039,1062,948,974,882,11880
Near North,41.9038693876,-87.6364897979,310 W. Division Street,60610,48,YES,11006,10472,11522,11163,10995,12164,12797,13728,11364,11683,10670,9472,137036,9473,8531,9317,8486,9239,9930,9859,10012,9740,9065,9125,8144,110921,390,357,431,285,330,328,364,390,354,341,346,288,4204,5365,4450,5562,1648,5090,5446,4790,5529,5302,5392,4992,4745,58191,1915,1840,2011,1827,1883,1920,1874,2129,1916,1712,1563,1459,22049
North Austin,41.909429198,-87.7687989889,5724 W. North Avenue,60639,48,NO,3881,4048,4561,4390,4354,4911,5595,6269,5010,5092,4582,2290,54983,1518,1423,1635,1411,1297,1533,1840,1862,1578,1705,1414,629,17845,75,100,104,80,21,51,57,87,75,50,71,41,812,765,589,815,229,545,599,629,756,809,758,701,405,7583,1548,1437,1468,1698,1529,1723,1797,2222,1660,1897,1733,813,19525
North Pulaski,41.9100424161,-87.7339260922,4300 W. North Avenue,60639,48,NO,4958,4260,4494,4748,4583,5150,5769,6064,4735,5379,4219,3844,58203,3787,3269,3268,3163,2741,3073,3434,3015,2722,3407,2777,2586,37242,159,121,152,59,69,109,91,74,92,87,63,75,1151,1287,825,1154,283,828,893,862,980,905,874,737,862,10556,1411,1223,1295,1380,1242,1469,1566,1700,1428,1390,1232,1221,16557
Northtown,41.998339029,-87.6996500514,6435 N. California Avenue,60645,48,NO,8736,8423,8961,8899,9227,10644,11302,11891,9884,10041,9308,7669,114985,7466,7048,7383,7538,7621,8868,9567,9469,7833,7785,7712,6637,94927,272,249,221,214,199,226,254,281,244,196,266,228,2850,3445,2849,3577,1045,3605,3786,3954,4241,3610,3866,3605,3236,41098,1665,1481,1658,1712,1601,1882,1900,1924,1717,1757,1650,1389,20336
Oriole Park,41.9779611402,-87.8132091093,7454 W. Balmoral Avenue,60656,48,YES,6159,6663,8350,6567,7318,7313,8123,7709,7839,8990,7769,6148,88948,6040,5481,6021,5296,5806,6191,6601,6796,6354,6544,6122,4899,72151,109,85,103,77,70,88,124,124,104,119,83,65,1151,2556,1991,2348,770,2473,2382,2621,2900,2615,2683,2708,2279,28324,747,756,896,792,941,862,751,820,986,978,1005,867,10401
Portage-Cragin,41.9387767504,-87.7544929377,5108 W. Belmont Avenue,60641,48,NO,6385,6046,6492,6355,6372,9269,9066,10653,7843,6941,6213,5453,87088,7500,6941,7699,7441,6959,7523,8173,8384,7509,7659,7623,6333,89744,152,145,332,136,186,108,182,166,166,158,107,102,1940,1979,1708,2116,588,1920,1883,1905,2178,1940,2038,1904,1732,21944,1816,1705,1846,1893,1905,1829,1978,2200,1964,1993,1658,1474,22261
Pullman,41.694406409,-87.6182606623,11001 S. Indiana Avenue,60628,48,NO,4667,4831,4997,4883,4421,4654,5533,5698,4765,4752,4484,4610,58295,1401,1326,1337,1295,1280,1221,1366,1419,1185,1249,1108,936,15123,55,72,77,47,51,50,54,39,66,38,29,40,618,719,636,716,243,581,623,585,624,583,644,579,465,6947,1852,1778,1740,1708,1631,1606,1654,1946,1759,1608,1643,1567,20492
Roden,41.9919175249,-87.7983018986,6083 N. Northwest Highway,60631,48,NO,4703,4350,4864,4484,4810,5436,6269,6351,4875,4747,4511,4196,59596,6333,5764,6389,5613,5932,7062,7408,7359,6212,5955,5689,4967,74683,447,339,361,221,264,344,252,272,326,282,275,186,3569,3090,2695,3034,968,2836,3076,3040,3211,2881,3205,2861,2431,33451,755,716,755,698,667,747,732,793,750,695,680,630,8618
Rogers Park,42.0067076366,-87.6734076727,6907 N. Clark Street,60626,48,NO,12529,11349,13277,13307,12941,14899,15240,16344,13909,13780,12562,11493,161630,9954,8866,10334,10420,10106,10935,11882,12265,10696,11163,10010,9515,126146,188,202,221,139,182,198,191,163,205,204,194,187,2274,4699,3776,4646,1524,4523,4781,4977,5223,4880,5477,4730,4786,54159,2739,2325,2451,2671,2641,3289,3118,3230,2618,2581,2361,2132,32156
Roosevelt,41.8692761485,-87.6544799841,1101 W. Taylor Street,60607,48,YES,6539,6189,6729,6846,7141,7567,7709,8305,7315,8750,8709,7547,89346,4682,4538,4967,5117,4981,5319,5615,5496,4724,4427,4410,4090,58366,128,110,159,81,107,102,131,112,102,97,70,90,1289,2466,2023,2668,713,2515,2377,2194,2438,2252,2419,2166,2194,26415,1354,1179,1412,1330,1423,1391,1265,1459,1392,1168,1052,981,15406
Scottsdale,41.7493616834,-87.7243955757,4101 W. 79th Street,60652,48,NO,4311,3928,5001,4317,4327,4872,5201,6056,4660,5084,4676,3574,56007,2879,2616,3373,2807,2550,3019,3326,2845,2593,2412,2501,1959,32880,84,80,92,51,54,66,72,55,37,56,53,36,736,1022,808,1188,397,909,1173,1125,1177,1132,1138,1041,803,11824,1340,1089,1422,1250,1212,1293,1337,1623,1489,1543,1610,1123,16331
Sherman Park,41.7952794212,-87.6549207193,5440 S. Racine Avenue,60609,48,NO,4485,4361,4729,4678,4690,5398,5787,5940,4089,1277,1992,4210,51636,910,740,832,816,635,713,1121,976,666,548,615,656,9228,64,47,50,17,35,39,36,47,20,21,4,11,391,395,314,483,129,334,286,410,389,310,213,272,296,3823,1420,1368,1390,1365,1448,1335,1607,1774,1252,932,710,940,15541
South Chicago,41.7305748346,-87.54980694,9055 S. Houston Avenue,60617,48,NO,7719,6780,7116,6600,8891,8462,8470,6907,5928,8778,8947,7594,92192,2270,2183,2447,2043,1895,2118,2402,2299,2037,2100,1624,1562,24980,91,64,77,33,55,85,75,64,42,95,65,53,799,690,611,717,257,566,674,697,759,637,651,692,489,7372,2169,2069,2081,2002,2123,2303,2355,2118,2212,2271,2364,2087,26154
South Shore,41.7615553559,-87.5620836388,2505 E. 73rd Street,60649,48,NO,6972,6822,8195,7552,7369,8310,7511,9105,7312,6910,6176,5697,87931,2861,2269,2632,2013,2157,2205,2952,3490,2792,2700,2139,2317,30527,75,51,59,38,58,41,64,87,54,36,55,53,671,959,727,908,229,612,821,847,1016,926,892,744,731,9434,2903,2600,2801,2611,2670,2845,3012,3303,2557,2524,2337,2235,32398
Sulzer Regional,41.9624035811,-87.6844168495,4455 N. Lincoln Avenue,60625,68,YES,28355,26122,29257,32502,31447,34008,37212,38586,31947,33582,31703,27228,381949,34177,31377,37311,34055,33331,35679,36438,36798,32274,32816,32316,26751,403323,516,441,568,371,287,375,362,301,266,292,317,212,4308,14690,12390,15461,4798,14318,14969,14552,16024,14827,15495,14002,13151,165082,6588,6140,6708,6488,6234,6540,7088,7571,6159,6338,5982,5338,77174
Thurgood Marshall,41.7578017516,-87.6539815531,7506 S. Racine Avenue,60620,48,YES,7964,7838,7032,6738,7359,8333,9159,11551,8283,12851,4934,0,92042,2574,2249,2540,2541,2259,2470,2475,3110,2506,2884,1546,8,27162,98,119,107,71,57,58,67,72,66,110,47,0,872,721,609,855,277,748,844,819,938,749,898,702,0,8114,3143,2793,2309,2682,2564,2657,2773,3264,3074,2933,1256,0,29448
Toman,41.8420536707,-87.7249688447,2708 S. Pulaski Road,60623,48,YES,9136,8365,9275,9550,7478,10958,11916,12040,9735,13307,10028,7740,119528,5869,4871,5638,5624,4001,4933,5440,5491,5666,6273,6077,5137,65020,114,50,120,44,71,92,116,118,133,111,81,79,1129,1360,1179,1405,486,1123,1399,1401,1420,1422,1380,1362,1363,15254,2553,2619,2759,2719,2109,3150,3297,3309,2694,2596,2736,2227,32768
Uptown,41.9584452075,-87.6535101227,929 W. Buena Avenue,60613,48,YES,10555,9381,10849,10149,11802,12028,10783,11641,11437,11846,9948,9313,129732,6838,6344,7281,6580,6452,7456,7847,8013,6839,6844,6731,5900,83125,159,155,179,95,130,129,172,144,118,129,118,129,1657,4127,3512,4357,1205,3945,4260,4030,4512,3841,4031,3831,3655,45588,2170,1943,2419,2087,2228,2072,2059,2063,2044,1729,1770,1569,24153
Vodak-East Side,41.7030274782,-87.5335031847,3710 E. 106th Street,60617,48,YES,5203,5827,6907,5900,5763,5862,6098,7331,6571,6876,6312,4201,72851,3485,3140,3765,3465,3074,3417,3845,4066,3714,3858,3222,2650,41701,121,86,75,64,54,108,83,94,83,80,58,68,974,1099,901,1228,384,1229,1349,1231,1353,1217,1439,1039,1025,13474,1657,1796,2091,1744,1603,1452,1660,1796,1760,1906,1879,1304,20648
Walker,41.6924416924,-87.6741328656,11071 S. Hoyne Avenue,60643,48,NO,4284,3535,4131,3461,4239,4235,3900,3968,4056,4379,3659,3282,47129,1934,1503,1900,1757,1586,1769,2204,2057,1749,1800,1675,1575,21509,76,39,55,42,41,53,65,41,45,23,20,18,518,1098,809,1179,402,875,1058,1119,1160,1077,1086,995,856,11585,932,866,955,787,1001,762,786,902,842,993,797,734,10357
Water Works,41.897584354,-87.6231487711,163 E. Pearson Street,60611,60,NO,3923,3461,4287,3031,4159,4275,4418,4544,4134,4388,3868,3863,48351,156,162,182,118,183,215,220,233,210,212,168,156,2215,4512,3616,4621,1449,4362,4450,4192,4792,4325,4547,4140,4166,48918,341,356,405,379,395,519,475,472,431,478,374,368,4993,,,,,,,,,,,,,
West Belmont,41.9366621187,-87.7858914501,3104 N. Narragansett Avenue,60634,48,NO,6975,6616,7411,6991,6991,7394,9709,10736,7252,7956,7067,5710,90808,7802,6934,7883,6224,5858,6666,7520,6900,6807,6825,6878,5519,81816,131,108,137,83,92,86,101,79,89,87,106,69,1168,2216,1964,2063,585,2029,1895,2212,2424,2031,2211,2147,1895,23826,1744,1429,1606,1704,1578,1620,1850,2204,1500,1780,1579,1447,20041
West Chicago Avenue,41.8950465088,-87.74732954,4856 W. Chicago Avenue,60651,48,YES,3360,5418,5296,5301,5487,5976,5951,6603,5935,6869,5988,5466,67650,1060,1061,1101,1084,946,936,1084,1079,909,1218,1048,1156,12682,14,15,11,10,20,24,20,13,16,23,28,12,206,507,428,521,157,427,515,543,586,511,531,551,590,5858,1949,1760,1668,1689,1746,1660,1754,2033,1747,1948,1804,1547,21305
West Englewood,41.7793343588,-87.6681215909,1745 W. 63rd Street,60636,48,YES,8702,8269,8930,8436,8040,9400,8249,10713,8122,9989,8559,7926,105335,1381,1224,1296,1208,1182,1506,1361,1567,1402,1620,1685,1511,16943,59,95,73,56,34,59,58,54,55,128,65,64,800,547,487,588,170,457,511,481,554,449,528,637,568,5951,2586,2341,2565,2590,2338,2687,2415,2680,2258,2353,2392,2214,29419
West Lawn,41.7786622196,-87.7235385705,4020 W. 63rd Street,60629,48,NO,5871,5785,6581,6228,6367,8333,7319,8531,6543,6628,5711,4626,78523,4673,4122,4678,4588,3750,4250,4825,4778,3848,4532,3942,3062,51048,126,101,124,64,76,88,63,73,41,61,28,32,877,1368,1061,1446,506,1261,1405,1305,1363,1463,1382,1229,1016,14744,1789,1686,1921,1685,1696,1625,1374,1357,1184,1651,1514,1369,18851
West Pullman,41.6778508718,-87.6429996833,830 W. 119th Street,60643,48,YES,9674,8774,9498,10073,10443,10122,10162,10305,10307,12610,11409,7692,121069,2574,2519,2694,2656,2442,2809,2584,2540,2434,2537,2097,1950,29836,164,139,140,147,65,105,90,94,69,99,104,51,1267,943,868,959,336,647,876,861,928,869,861,718,692,9513,4125,3755,3851,4123,4047,4257,4574,4746,4280,4123,3952,2918,48751
West Town,41.8957521891,-87.6682665908,1625 W. Chicago Avenue,60622,48,NO,10157,8899,11229,8880,9916,9106,10644,10950,9284,9513,8657,7690,114925,5799,5610,6640,5496,5838,6086,6159,6155,5850,5605,5633,4790,69661,72,89,81,54,67,55,44,62,36,59,33,41,693,3355,2822,3474,925,3257,3334,2882,3544,3309,3282,3027,2863,36277,2240,2023,2495,2225,2432,2112,2471,2306,2131,2063,1700,1346,25544
"Whitney M. Young, Jr.",41.7510636097,-87.6149506536,7901 S. King Drive,60619,48,NO,7445,7151,7527,7425,7241,7252,7378,7360,1723,0,0,0,60502,1955,1591,1626,1847,1819,1779,1862,1680,388,0,0,0,14547,40,21,52,34,19,17,30,30,2,0,0,0,245,781,531,800,221,688,718,676,636,120,0,0,0,5179,2975,2590,2721,2820,2653,2636,2615,3110,712,0,0,0,22832
Woodson Regional,41.7209348129,-87.6430939522,9525 S. Halsted Street,60628,68,NO,0,0,0,0,0,0,0,0,0,0,0,0,0,0,0,0,0,0,0,0,0,0,0,0,0,0,0,0,0,0,0,0,0,0,0,0,0,0,0,0,0,0,0,0,0,0,0,0,0,0,0,0,0,0,0,0,0,0,0,0,0,0,0,0,0
Wrightwood-Ashburn,41.7383239979,-87.7021301056,8530 S. Kedzie Avenue,60652,48,YES,3268,4180,5315,5660,4875,4566,3812,4768,5688,6087,4018,3995,56232,2068,1911,2097,1907,1565,1929,1904,2074,1813,2052,1646,1507,22473,43,52,60,19,30,54,27,42,43,57,37,23,487,832,706,962,307,748,915,778,871,911,1031,802,834,9563,1629,1550,1650,1463,1560,1489,1337,1559,1495,1590,1407,1211,17940
